John Doe,-250,Hard,29/05/2023 14:37:07
Jane Doe,-300,Hard,29/05/2023 14:50:27
Andi,100,Easy,29/05/2023 14:53:19
Andi,100,Easy,29/05/2023 14:53:19
Andi,100,Easy,29/05/2023 14:53:19
Andi,100,Easy,29/05/2023 14:53:19
Andi,100,Easy,29/05/2023 14:53:19
Andi,100,Easy,29/05/2023 14:53:19
Andi,100,Easy,29/05/2023 14:53:19
Andi,100,Easy,29/05/2023 14:53:19
Andi,100,Easy,29/05/2023 14:53:19
Andi,100,Easy,29/05/2023 14:53:19
Andi,100,Easy,29/05/2023 14:53:19
Andi,100,Easy,29/05/2023 14:53:19
Andi,100,Easy,29/05/2023 14:53:19
Andi,100,Easy,29/05/2023 14:53:19
Andi,100,Easy,29/05/2023 14:53:19
Andi,100,Easy,29/05/2023 14:53:19
Andi,100,Easy,29/05/2023 14:53:19
Andi,100,Easy,29/05/2023 14:53:19
isjcsikco,,04/06/2023 14:22:08
bayu,,04/06/2023 14:26:07
